Open time,Open,High,Low,Close,Volume,Close time,Quote asset volume,Number of trades,Taker buy base asset volume,Taker buy quote asset volume,Ignore
1704067200000,0.2,0.2075,0.1918,0.2039,24465859.1,1704153599999,4891359.41168,36230,12010837.4,2402026.09669,0
1704153600000,0.2039,0.211,0.1961,0.2024,20897758.6,1704239999999,4268701.21762,45042,10030912.8,2048442.17431,0
1704240000000,0.2026,0.2175,0.165,0.1945,45486932.2,1704326399999,8969890.45692,102224,22790262.0,4513189.89161,0
1704326400000,0.1945,0.2063,0.19,0.1991,21321810.6,1704412799999,4235563.02887,45320,10552562.1,2097579.92456,0
1704412800000,0.1992,0.2044,0.1743,0.1816,24013913.1,1704499199999,4479338.41152,46286,11091177.4,2068449.08249,0
1704499200000,0.1815,0.1815,0.1655,0.1706,15473990.0,1704585599999,2658614.39794,25487,7226507.6,1241773.4317,0
1704585600000,0.1706,0.1772,0.1585,0.1606,17189578.2,1704671999999,2908544.8565,23759,7952933.8,1348016.64516,0
1704672000000,0.1608,0.1737,0.1505,0.1721,18283191.2,1704758399999,2954993.47651,30638,9046513.3,1465696.47771,0
1704758400000,0.1721,0.1729,0.1541,0.1609,19530216.3,1704844799999,3178645.73233,30021,8992204.6,1462742.11738,0
1704844800000,0.161,0.1865,0.1585,0.184,22553471.2,1704931199999,3826992.58633,39859,10575738.6,1792298.37452,0
1704931200000,0.184,0.1931,0.1814,0.188,24633681.7,1705017599999,4623522.58234,42701,12200229.1,2289497.7646,0
1705017600000,0.188,0.195,0.1779,0.1848,18696540.7,1705103999999,3515280.92416,24441,7387793.1,1387942.44149,0
1705104000000,0.1848,0.1923,0.1792,0.1885,8728872.2,1705190399999,1627071.48589,12499,4460622.7,831553.19879,0
1705190400000,0.1884,0.1919,0.18,0.18,9668253.9,1705276799999,1809422.41312,13235,4888779.5,915350.01768,0
1705276800000,0.1801,0.1893,0.1788,0.185,12482702.6,1705363199999,2309275.70656,17307,5970978.5,1105676.06045,0
1705363200000,0.185,0.1948,0.1823,0.1922,12896372.3,1705449599999,2441157.56421,18035,6438204.8,1219361.64848,0
1705449600000,0.1923,0.2022,0.1909,0.1981,20809965.9,1705535999999,4108418.64896,28723,10515575.2,2077063.53941,0
1705536000000,0.1982,0.199,0.1787,0.1828,12519274.3,1705622399999,2358960.48737,29427,5511357.4,1039303.00693,0
1705622400000,0.1827,0.1832,0.1662,0.1743,11436959.6,1705708799999,1992610.57777,20578,5638634.3,981059.47775,0
1705708800000,0.1742,0.1799,0.1716,0.1795,6835473.1,1705795199999,1196189.01813,15113,3361382.8,588115.52201,0
1705795200000,0.1793,0.1823,0.1743,0.1749,6417266.6,1705881599999,1145553.09989,12177,3115459.0,556529.45875,0
1705881600000,0.1749,0.1762,0.1629,0.1634,10388354.9,1705967999999,1749748.09207,18636,4778572.8,805084.50875,0
1705968000000,0.1634,0.168,0.1521,0.1619,14162134.2,1706054399999,2252836.18794,21598,6571036.7,1046364.4798,0
1706054400000,0.162,0.1639,0.1578,0.1617,8458510.2,1706140799999,1359801.62761,14476,4055187.5,652615.66068,0
1706140800000,0.1615,0.162,0.1538,0.1582,6168053.3,1706227199999,973364.25639,12182,2964226.1,467676.90472,0
1706227200000,0.158,0.1652,0.1569,0.1628,6599914.1,1706313599999,1069292.8628,9965,3088047.7,501098.93776,0
1706313600000,0.1631,0.1685,0.1604,0.1681,4944279.8,1706399999999,812433.63379,7987,2439767.8,400962.96996,0
1706400000000,0.168,0.1696,0.1592,0.1607,5673735.4,1706486399999,934557.86323,8594,2386701.2,393280.47978,0
1706486400000,0.1607,0.1685,0.1598,0.168,6789188.5,1706572799999,1117758.48903,11533,3619808.1,595851.72559,0
1706572800000,0.168,0.1694,0.1625,0.1633,5825001.6,1706659199999,971347.25721,10661,2491221.3,415670.79494,0
1706659200000,0.1635,0.1665,0.157,0.1583,11900783.4,1706745599999,1928014.35823,21232,5738233.7,930556.99323,0
1706745600000,0.1581,0.159,0.1521,0.1548,10725589.7,1706831999999,1657015.21607,19396,5017137.9,775071.29612,0
1706832000000,0.1549,0.1564,0.1522,0.1538,9041451.1,1706918399999,1394830.80333,16190,3800975.4,586500.98643,0
1706918400000,0.154,0.1579,0.1511,0.1521,7516430.3,1707004799999,1154131.65864,14503,3437634.7,528250.81351,0
1707004800000,0.1521,0.1527,0.1473,0.148,8022580.2,1707091199999,1205372.5198,11710,3790846.9,570142.12266,0
1707091200000,0.1482,0.1513,0.1456,0.1475,7118965.5,1707177599999,1059898.84293,9311,3555016.4,529539.73798,0
1707177600000,0.1476,0.1508,0.1467,0.1485,5977412.7,1707263999999,888615.58881,7726,2506948.2,372826.0704,0
1707264000000,0.1485,0.1549,0.1479,0.1544,7541646.0,1707350399999,1141694.73935,9006,3627681.3,549852.23153,0
1707350400000,0.1542,0.1569,0.1526,0.1538,8716625.4,1707436799999,1348564.1352,10406,3819576.4,590791.7292,0
1707436800000,0.1539,0.1652,0.1532,0.1641,13233173.0,1707523199999,2119384.90393,16979,6653732.9,1066475.11212,0
1707523200000,0.1642,0.1669,0.1602,0.1616,8839647.8,1707609599999,1438436.0547,9494,3949800.2,643035.1842,0
1707609600000,0.1619,0.1649,0.1604,0.1613,6505229.3,1707695999999,1057508.67392,8971,3349926.5,544890.7149,0
1707696000000,0.1613,0.1687,0.1583,0.1675,8655661.4,1707782399999,1409533.33155,11546,4478646.2,730257.19853,0
1707782400000,0.1674,0.1738,0.1652,0.1729,16165352.0,1707868799999,2739542.9919,20549,8225491.5,1394998.56204,0
1707868800000,0.173,0.205,0.1715,0.1822,89687535.2,1707955199999,17024013.59349,104929,44538096.5,8448131.00074,0
1707955200000,0.1822,0.1911,0.1802,0.1864,25883231.7,1708041599999,4826428.53764,34016,12717570.4,2372846.62928,0
1708041600000,0.1864,0.1924,0.1796,0.181,19815712.3,1708127999999,3696034.6566,28396,9656437.0,1803026.52526,0
1708128000000,0.181,0.1902,0.1772,0.1894,12724632.2,1708214399999,2317687.46353,18522,6572063.7,1197213.96491,0
1708214400000,0.1893,0.1939,0.1864,0.1905,12857485.4,1708300799999,2447077.8775,21367,6772162.0,1288757.67478,0
1708300800000,0.1905,0.199,0.1891,0.1899,21872743.5,1708387199999,4197697.16619,43367,10670251.8,2049691.96638,0
1708387200000,0.19,0.1926,0.18,0.1872,18200698.8,1708473599999,3403202.01509,29372,8669911.1,1622722.40962,0
1708473600000,0.1872,0.1874,0.1706,0.1784,17700763.8,1708559999999,3108893.96067,29085,8207788.1,1439891.13348,0
1708560000000,0.1786,0.1858,0.1729,0.181,14617937.8,1708646399999,2647606.05497,20830,6883285.3,1248046.53054,0
1708646400000,0.1809,0.2257,0.1772,0.1927,88371859.1,1708732799999,17713329.05655,152510,44803023.0,8985599.55076,0
1708732800000,0.1926,0.2197,0.1904,0.2019,67482595.8,1708819199999,13752963.40424,93038,33355478.9,6796503.97601,0
1708819200000,0.202,0.2034,0.1935,0.2033,20699259.0,1708905599999,4097204.53911,29564,9526288.9,1887792.60028,0
1708905600000,0.2034,0.2242,0.2013,0.2141,38747755.1,1708991999999,8297276.95825,65654,18924279.4,4054616.94665,0
1708992000000,0.2141,0.2174,0.2057,0.2124,19907875.8,1709078399999,4224228.24825,32461,9685967.8,2057182.95915,0
1709078400000,0.2124,0.258,0.1981,0.2244,78046680.1,1709164799999,17800940.42701,164827,39118080.0,8924248.96796,0
1709164800000,0.2244,0.2355,0.21,0.2169,34298260.2,1709251199999,7755483.64697,80342,16004776.9,3624879.13404,0
1709251200000,0.217,0.2316,0.2165,0.2293,28361655.5,1709337599999,6363086.85976,55742,14484464.2,3248670.0316,0
1709337600000,0.2293,0.2599,0.2212,0.2589,53273483.0,1709423999999,12852564.43506,118222,27658668.1,6679771.57549,0
1709424000000,0.2588,0.2727,0.2277,0.2481,43429299.0,1709510399999,10941667.03174,106901,21786974.6,5493475.04686,0
1709510400000,0.2483,0.2519,0.2312,0.2423,38048012.0,1709596799999,9281328.46182,81976,19408556.0,4736883.69719,0
1709596800000,0.2424,0.2787,0.2038,0.2311,89680402.4,1709683199999,22609243.44496,208313,45425003.0,11454422.65797,0
1709683200000,0.2309,0.2567,0.2184,0.2556,47709338.0,1709769599999,11403874.00049,94563,23596988.5,5644725.62669,0
1709769600000,0.2556,0.2728,0.2522,0.263,47038752.0,1709855999999,12319844.52501,121863,22804933.7,5975221.54997,0
1709856000000,0.2632,0.2689,0.25,0.258,38979699.1,1709942399999,10143548.16413,90337,20209871.0,5261121.84951,0
1709942400000,0.2581,0.2757,0.256,0.2696,38642279.5,1710028799999,10241144.49818,83709,20447327.8,5420551.54601,0
1710028800000,0.2695,0.2898,0.2636,0.2835,50848711.6,1710115199999,14042472.10651,121077,25087427.0,6930300.65094,0
1710115200000,0.2835,0.3375,0.2645,0.2966,105009873.4,1710201599999,32031802.61947,247414,52805514.4,16125808.74987,0
1710201600000,0.2965,0.32,0.284,0.3105,56025136.1,1710287999999,16798692.9877,158055,27131139.9,8147831.18345,0
1710288000000,0.3106,0.3242,0.3038,0.3159,34875668.6,1710374399999,10948492.2988,96776,17126090.7,5380353.64221,0
1710374400000,0.3162,0.3235,0.2792,0.3034,45530136.6,1710460799999,13740767.99649,122985,21623936.7,6527730.49097,0
1710460800000,0.3035,0.3167,0.2618,0.2808,45129435.7,1710547199999,12915473.38379,129492,22033068.7,6315225.59782,0
1710547200000,0.2808,0.2937,0.2413,0.25,45807654.8,1710633599999,12249006.29487,103793,22047799.1,5898098.76979,0
1710633600000,0.25,0.2646,0.2335,0.258,33754092.9,1710719999999,8483541.24798,71672,16426159.5,4130893.92935,0
1710720000000,0.2579,0.2579,0.2277,0.2354,30987582.9,1710806399999,7529679.48129,63902,14858213.8,3612417.39784,0
1710806400000,0.2351,0.2383,0.2056,0.2152,42404854.3,1710892799999,9334948.1741,95144,21359637.0,4700051.00493,0
1710892800000,0.215,0.2411,0.2042,0.2395,35501962.6,1710979199999,7821604.6269,71161,17944222.1,3956727.59825,0
1710979200000,0.2395,0.249,0.2318,0.2444,28532123.0,1711065599999,6844681.48405,40948,14747496.2,3541362.72126,0
1711065600000,0.2444,0.2566,0.2384,0.2467,35412187.2,1711151999999,8756571.64201,54687,17333475.3,4285661.74843,0
1711152000000,0.2468,0.2559,0.2403,0.2447,18472220.8,1711238399999,4603261.35913,31795,8710177.5,2171536.87761,0
1711238400000,0.2448,0.2645,0.2433,0.2617,20912309.7,1711324799999,5311917.12617,27706,11113503.8,2827259.19323,0
1711324800000,0.262,0.2754,0.2605,0.2692,25640480.7,1711411199999,6881749.44661,37134,12169004.1,3266355.49634,0
1711411200000,0.2692,0.31,0.2688,0.2799,57528681.8,1711497599999,16527884.03226,106160,29072183.6,8360740.64662,0
1711497600000,0.2801,0.282,0.2538,0.2587,33210573.2,1711583999999,8817214.77166,53895,15516098.5,4119168.0831,0
1711584000000,0.2587,0.2644,0.253,0.2617,14663503.7,1711670399999,3815416.50061,23239,7475561.5,1946655.18524,0
1711670400000,0.2616,0.2656,0.2532,0.2569,13763183.7,1711756799999,3554531.43422,23382,6313704.6,1631550.07965,0
1711756800000,0.2569,0.263,0.245,0.2462,14816745.5,1711843199999,3762539.63586,24700,7058187.8,1793937.38869,0
1711843200000,0.2459,0.2576,0.245,0.2541,13728175.0,1711929599999,3473291.28797,18265,6843026.2,1730398.47838,0
1711929600000,0.2541,0.2569,0.2319,0.2394,20827436.8,1712015999999,5073969.08448,30682,10042216.9,2448041.53524,0
1712016000000,0.2394,0.2399,0.2164,0.2242,34957628.8,1712102399999,7910550.53075,42583,16703319.3,3782788.81687,0
1712102400000,0.224,0.2322,0.2155,0.2246,17764223.7,1712188799999,4013453.41775,25156,9538515.7,2159199.46935,0
1712188800000,0.2241,0.2406,0.2191,0.2333,24937735.6,1712275199999,5767663.8062,103890,10629796.4,2454408.27571,0
1712275200000,0.2331,0.234,0.2154,0.2238,15887055.7,1712361599999,3561318.51121,28561,7494010.9,1680460.80323,0
1712361600000,0.2237,0.2292,0.2231,0.2268,9157580.4,1712447999999,2069006.81086,17520,4430862.6,1001606.73119,0
1712448000000,0.2269,0.2521,0.2265,0.2448,35836606.3,1712534399999,8688068.37064,53021,18531171.7,4491260.52226,0
1712534400000,0.2447,0.2548,0.237,0.252,26247087.4,1712620799999,6501341.50387,38527,13353662.6,3309754.28546,0
1712620800000,0.252,0.2534,0.2311,0.232,15882620.1,1712707199999,3870699.87158,30719,7462968.2,1819695.86245,0
1712707200000,0.2319,0.2332,0.2172,0.23,15252146.5,1712793599999,3453253.92801,24037,7683257.4,1738673.29061,0
1712793600000,0.2299,0.2394,0.2289,0.2317,20226559.5,1712879999999,4719368.91437,33764,10747894.5,2507210.85904,0
1712880000000,0.2313,0.2386,0.1649,0.1789,46550859.7,1712966399999,9318270.40083,75073,22033963.1,4427389.20652,0
1712966400000,0.1788,0.1812,0.1198,0.1484,52207476.9,1713052799999,8232401.78002,79017,24845733.9,3919425.6506,0
1713052800000,0.1482,0.1671,0.1409,0.1651,52673433.3,1713139199999,8171790.63149,57636,26486785.8,4111389.98353,0
1713139200000,0.1651,0.1723,0.1502,0.1558,41874735.3,1713225599999,6807564.03423,47316,20941971.9,3405883.79905,0
1713225600000,0.1559,0.1607,0.1477,0.1568,27479548.3,1713311999999,4218234.31139,30376,13650956.1,2096382.66664,0
1713312000000,0.1567,0.1587,0.1443,0.1514,18051976.6,1713398399999,2735558.46695,24016,8907298.9,1350161.53224,0
1713398400000,0.1511,0.1567,0.1475,0.1536,13046411.4,1713484799999,1990650.35236,19088,6243439.5,952599.12427,0
1713484800000,0.1536,0.1618,0.1416,0.1579,21015765.2,1713571199999,3250968.90411,26853,10262760.0,1591313.0021,0
1713571200000,0.1579,0.1782,0.1557,0.1732,15600303.3,1713657599999,2582958.54631,20071,7816122.7,1294397.77472,0
1713657600000,0.1732,0.1745,0.1662,0.1688,11034607.4,1713743999999,1882210.35265,14773,5706602.2,974334.89188,0
1713744000000,0.1691,0.2075,0.1681,0.2014,111788236.4,1713830399999,21668402.09905,136535,57411057.7,11126308.65,0
1713830400000,0.2013,0.2085,0.1889,0.1973,76564194.6,1713916799999,15213274.43429,87400,37791676.0,7516525.83525,0
1713916800000,0.1974,0.2195,0.1886,0.1912,54922647.7,1714003199999,11215439.64794,73963,25948332.0,5302230.40608,0
1714003200000,0.1913,0.192,0.1777,0.1866,29328972.6,1714089599999,5403268.73317,39554,13811086.4,2547679.71923,0
1714089600000,0.1866,0.1874,0.1764,0.1775,17400950.0,1714175999999,3158643.84191,23362,8524925.9,1547766.61656,0
1714176000000,0.1775,0.1961,0.1698,0.1809,41780881.5,1714262399999,7684879.22112,56557,20775300.2,3827034.62442,0
1714262400000,0.1808,0.1876,0.1763,0.1778,23326584.2,1714348799999,4203933.49951,31014,11301943.7,2038234.51764,0
1714348800000,0.1777,0.1798,0.1685,0.176,13775116.2,1714435199999,2395960.14993,23498,6012076.8,1045115.32264,0
1714435200000,0.176,0.1778,0.1566,0.1664,16194212.7,1714521599999,2670195.25292,33565,7723072.2,1274800.39299,0
1714521600000,0.1665,0.1725,0.1558,0.1669,22118598.7,1714607999999,3598305.615,33056,10914558.3,1777681.03392,0
1714608000000,0.1669,0.1724,0.1609,0.17,10169032.4,1714694399999,1690713.94402,20823,4898517.1,814667.76673,0
1714694400000,0.17,0.1841,0.1689,0.1817,11628839.4,1714780799999,2061254.75962,24542,6123716.0,1086778.57928,0
1714780800000,0.1818,0.1826,0.1787,0.1812,8410826.6,1714867199999,1519384.73963,17169,4449411.6,804115.05921,0
1714867200000,0.1812,0.1857,0.1762,0.1839,6732157.8,1714953599999,1217795.20055,16515,3505647.1,634817.84787,0
1714953600000,0.1839,0.1888,0.1768,0.1773,13338268.0,1715039999999,2429462.34746,25131,6538203.3,1191441.1757,0
1715040000000,0.1773,0.1836,0.1736,0.1738,9525236.1,1715126399999,1703916.21536,20438,4634533.5,829801.23698,0
1715126400000,0.1739,0.1923,0.1702,0.1809,38338649.2,1715212799999,6932617.5118,64826,19591482.3,3541935.5523,0
1715212800000,0.1808,0.1916,0.1795,0.1882,16164186.1,1715299199999,2997888.60527,38872,8031550.8,1488315.8571,0
1715299200000,0.1881,0.1949,0.183,0.1851,13329017.8,1715385599999,2524993.5897,28230,6846974.1,1297926.69066,0
1715385600000,0.1851,0.1883,0.1795,0.1814,7092057.3,1715471999999,1295509.66678,18072,3342529.5,610836.48044,0
1715472000000,0.1814,0.1832,0.1768,0.1777,5643633.5,1715558399999,1018660.24424,15533,3022981.4,545423.23325,0
1715558400000,0.1778,0.184,0.1685,0.1754,12527619.9,1715644799999,2211504.62144,29613,5675071.0,1001074.52508,0
1715644800000,0.1753,0.1782,0.164,0.1649,10606984.2,1715731199999,1814623.06602,27725,4959843.0,850373.29071,0
1715731200000,0.165,0.1812,0.1635,0.1801,10114310.8,1715817599999,1740013.1039,22941,5229479.6,898061.18664,0
1715817600000,0.1802,0.1823,0.1716,0.1764,7597629.1,1715903999999,1351634.75938,18713,3268052.7,580831.37841,0
1715904000000,0.1765,0.1848,0.1748,0.1827,5872905.6,1715990399999,1064503.88714,15491,2983163.0,540778.49835,0
1715990400000,0.1826,0.1858,0.1796,0.183,3870344.8,1716076799999,707835.75334,11704,1976831.0,361798.5556,0
1716076800000,0.1829,0.1844,0.1713,0.1732,5545384.9,1716163199999,982842.79135,13939,2568373.9,455054.3189,0
1716163200000,0.1731,0.1895,0.1695,0.1894,15635783.3,1716249599999,2798432.21976,31495,8105721.8,1453823.72504,0
1716249600000,0.1894,0.1928,0.186,0.1889,13427843.9,1716335999999,2549681.3211,33247,6554725.4,1245283.63768,0
1716336000000,0.189,0.1915,0.1846,0.1884,14239521.5,1716422399999,2681359.83161,26577,7114386.0,1340070.93398,0
1716422400000,0.1885,0.1948,0.1746,0.1846,30094033.9,1716508799999,5614833.38859,43612,14933228.0,2786440.52335,0
1716508800000,0.1847,0.1878,0.1779,0.1858,11229797.9,1716595199999,2057741.4857,15860,5213157.1,955439.58933,0
1716595200000,0.1855,0.1999,0.1846,0.1872,19604977.8,1716681599999,3726263.0426,30070,9615483.4,1830381.77852,0
1716681600000,0.1873,0.1895,0.1796,0.1814,12585288.3,1716767999999,2323885.49699,17802,6116445.5,1130714.27511,0
1716768000000,0.1813,0.1914,0.1803,0.1906,15270512.4,1716854399999,2834810.78429,22673,7493085.8,1390771.89512,0
1716854400000,0.1907,0.1912,0.182,0.1841,16724716.8,1716940799999,3118224.01058,29645,8125321.0,1515831.34748,0
1716940800000,0.184,0.1977,0.1821,0.1886,25992468.8,1717027199999,4964581.98567,38633,13597010.9,2596736.7771,0
1717027200000,0.1886,0.1938,0.1804,0.1815,16082558.2,1717113599999,3006606.74972,27480,7310259.2,1367414.03045,0
1717113600000,0.1814,0.185,0.1789,0.1832,11790158.1,1717199999999,2140601.15214,22341,5643922.8,1025306.07493,0
1717200000000,0.1833,0.1924,0.1817,0.1887,18009240.0,1717286399999,3374790.36529,33492,9680028.3,1816785.18879,0
1717286400000,0.1887,0.2015,0.1883,0.1943,30168339.0,1717372799999,5872356.76226,44599,13968912.7,2719106.01005,0
1717372800000,0.1943,0.2084,0.1934,0.1999,25890886.1,1717459199999,5232034.90107,43726,12765838.0,2580184.38824,0
1717459200000,0.1998,0.2341,0.1989,0.2234,60849631.5,1717545599999,13365506.3459,99003,30693014.6,6741597.56385,0
1717545600000,0.2233,0.228,0.217,0.2204,22389759.3,1717631999999,4968870.79697,40537,10891058.3,2418581.95214,0
1717632000000,0.2206,0.2232,0.2123,0.2124,14057271.5,1717718399999,3055358.73712,28227,6648996.5,1445982.91503,0
1717718400000,0.2126,0.2174,0.1812,0.1926,18100895.7,1717804799999,3659029.7166,39430,8647759.7,1745623.68171,0
1717804800000,0.1925,0.1925,0.1785,0.1808,15510333.8,1717891199999,2863018.88696,36389,7338445.4,1355151.27674,0
1717891200000,0.1806,0.1876,0.1778,0.1834,10183731.1,1717977599999,1860113.30483,18473,4859560.7,887258.51784,0
1717977600000,0.1833,0.185,0.1745,0.1759,7996279.2,1718063999999,1432140.87353,17216,3711960.0,665025.4156,0
1718064000000,0.176,0.1767,0.1623,0.168,12564142.9,1718150399999,2130919.78347,20441,6370099.6,1080737.99806,0
1718150400000,0.168,0.1837,0.1639,0.1776,16693008.2,1718236799999,2950367.88409,33222,8527797.3,1507222.66088,0
1718236800000,0.1776,0.1791,0.1661,0.1668,9662155.6,1718323199999,1655379.55148,24012,4666210.1,799789.62436,0
1718323200000,0.1667,0.1725,0.153,0.1601,12089226.8,1718409599999,1975097.7337,25871,5953388.7,972950.40072,0
1718409600000,0.1601,0.1648,0.1588,0.1597,6761518.7,1718495999999,1090958.96013,14357,3192908.4,515473.71515,0
1718496000000,0.1597,0.1614,0.1567,0.1598,9927033.4,1718582399999,1577957.08575,14409,5222803.2,829768.58414,0
1718582400000,0.1598,0.1609,0.1415,0.1479,15387146.5,1718668799999,2312189.91523,25951,7528883.5,1131337.51953,0
1718668800000,0.1478,0.149,0.1278,0.1366,18786381.7,1718755199999,2549282.74635,34279,9221575.2,1251782.85082,0
1718755200000,0.1366,0.1413,0.1351,0.1388,10834962.9,1718841599999,1503284.31546,20596,5030518.0,698302.35716,0
1718841600000,0.1386,0.1457,0.1377,0.1405,8115985.3,1718927999999,1152021.80471,15986,3784890.7,537021.67202,0
1718928000000,0.1405,0.1434,0.1366,0.1394,7757612.9,1719014399999,1085600.6012,14232,3771293.8,527600.43403,0
1719014400000,0.1396,0.1411,0.1366,0.138,4248147.3,1719100799999,588606.86633,9630,1893016.4,262127.6378,0
1719100800000,0.138,0.1415,0.132,0.1331,6170620.5,1719187199999,846107.9624,10567,2774961.1,380653.35303,0
1719187200000,0.133,0.1347,0.1151,0.1298,33866246.9,1719273599999,4204441.36006,47323,15948788.7,1982168.53495,0
1719273600000,0.1299,0.1349,0.1286,0.1295,13536807.0,1719359999999,1788869.79323,29436,6227399.3,823566.87102,0
1719360000000,0.1296,0.1314,0.1267,0.1282,8653547.6,1719446399999,1118718.34254,18141,4107446.5,531281.51849,0
1719446400000,0.1282,0.1315,0.1243,0.1301,9419884.3,1719532799999,1210788.56876,15033,4775657.5,614299.2503,0
1719532800000,0.1301,0.1317,0.1251,0.1254,13285512.5,1719619199999,1708374.46128,26946,6400550.7,823566.11152,0
1719619200000,0.1254,0.1272,0.1208,0.1216,6613045.7,1719705599999,824800.13896,10684,3337346.6,416327.82856,0
1719705600000,0.1216,0.1297,0.1195,0.1291,9277280.7,1719791999999,1156873.52524,14796,4955693.6,618770.10935,0
1719792000000,0.1291,0.1305,0.1242,0.1256,8643848.3,1719878399999,1099066.53136,13014,4290007.2,545736.58453,0
1719878400000,0.1254,0.1267,0.1223,0.1251,7084966.2,1719964799999,882814.52363,10725,3576813.0,445919.24254,0
1719964800000,0.1251,0.1259,0.119,0.1204,12398522.4,1720051199999,1510581.25223,21140,5115579.2,623806.28886,0
1720051200000,0.1204,0.1215,0.1018,0.1031,28504776.5,1720137599999,3189006.63805,33733,11173495.4,1244840.95155,0
1720137600000,0.103,0.1056,0.0915,0.1041,27872402.9,1720223999999,2750613.10576,43016,13810249.4,1364323.10224,0
1720224000000,0.1041,0.1209,0.1024,0.1168,17173147.2,1720310399999,1911204.88425,28363,9375159.5,1045137.80263,0
1720310400000,0.1169,0.1176,0.1066,0.1074,10949483.9,1720396799999,1225008.42963,20963,5436198.4,608287.80782,0
1720396800000,0.1075,0.1163,0.1031,0.1112,22029113.7,1720483199999,2432524.72008,36674,10772338.6,1189333.40504,0
1720483200000,0.111,0.1143,0.1095,0.1123,11279859.4,1720569599999,1260028.98975,22088,5858416.9,654586.00572,0
1720569600000,0.1122,0.1168,0.1103,0.1143,9404495.2,1720655999999,1068477.92722,18169,4680024.1,531963.25514,0
1720656000000,0.1142,0.1189,0.1119,0.1123,11673972.5,1720742399999,1347855.07634,20054,5833683.6,673686.98934,0
1720742400000,0.1123,0.1153,0.1089,0.1147,12170919.0,1720828799999,1360544.51913,17806,5241431.7,586566.91423,0
1720828800000,0.1146,0.1168,0.1134,0.1155,7335160.1,1720915199999,842327.71635,11287,3825846.3,439446.45285,0
1720915200000,0.1156,0.1204,0.1144,0.1196,7965879.8,1721001599999,927860.87139,11338,4011920.5,467603.74567,0
1721001600000,0.1196,0.1284,0.1191,0.1279,12840209.2,1721087999999,1582290.61624,17523,6855743.1,845625.96466,0
1721088000000,0.128,0.1292,0.1193,0.1263,21346877.8,1721174399999,2659751.86404,31962,10584113.1,1318632.59733,0
1721174400000,0.1263,0.1285,0.1213,0.1235,11282721.9,1721260799999,1423749.2558,19466,5294823.4,669094.01795,0
1721260800000,0.1235,0.1244,0.1174,0.1203,13993354.1,1721347199999,1702161.66023,20773,7675246.2,935202.33061,0
1721347200000,0.1203,0.1297,0.1167,0.1282,17597161.8,1721433599999,2142940.43588,28676,9245397.3,1129200.26937,0
1721433600000,0.1282,0.1365,0.1254,0.1269,30896176.6,1721519999999,4024112.4954,33480,14969331.3,1952555.02321,0
1721520000000,0.127,0.1315,0.1223,0.1308,13993583.3,1721606399999,1780231.01533,18910,6738003.4,858195.75604,0
1721606400000,0.1309,0.1315,0.1221,0.1228,10648517.5,1721692799999,1341848.25919,13730,4923024.1,620971.18149,0
1721692800000,0.1228,0.1246,0.1153,0.1166,13392422.9,1721779199999,1599695.11577,17390,6334048.0,757358.88129,0
1721779200000,0.1166,0.1216,0.115,0.1162,10638875.4,1721865599999,1253308.4602,13022,5648490.2,665753.61162,0
1721865600000,0.1163,0.1179,0.1122,0.1169,13462966.0,1721951999999,1545510.28222,19844,6203006.9,713007.97948,0
1721952000000,0.1169,0.1296,0.116,0.1287,24991523.7,1722038399999,3111377.41506,34200,12997474.8,1616443.54028,0
1722038400000,0.1287,0.135,0.127,0.1297,18559361.1,1722124799999,2436734.23821,24974,9587378.7,1258863.11458,0
1722124800000,0.1298,0.131,0.125,0.1264,10470811.5,1722211199999,1338652.23067,14392,4463208.9,571803.12152,0
1722211200000,0.1263,0.1387,0.1261,0.1295,37402993.9,1722297599999,4998729.00865,44293,19023143.5,2545240.04748,0
1722297600000,0.1295,0.1442,0.1266,0.1277,71088489.6,1722383999999,9750356.05658,73940,35297549.4,4845368.78691,0
1722384000000,0.1277,0.1415,0.1256,0.1322,34031363.5,1722470399999,4605174.84377,47987,16782400.9,2270838.83587,0
1722470400000,0.1322,0.133,0.114,0.1263,28321836.4,1722556799999,3523279.07306,31859,13863085.6,1726113.68628,0
1722556800000,0.1263,0.1279,0.1134,0.1158,27381081.4,1722643199999,3307836.62054,29143,13116933.0,1585362.69846,0
1722643200000,0.1158,0.1166,0.1055,0.108,15733623.4,1722729599999,1748291.74544,19008,7661649.2,851337.41431,0
1722729600000,0.1081,0.1104,0.0988,0.101,13775486.2,1722815999999,1442041.4847,16461,6443239.4,673291.49091,0
1722816000000,0.1008,0.1021,0.08,0.0963,49195415.1,1722902399999,4475482.3673,50449,24047009.3,2189752.84956,0
1722902400000,0.0964,0.1047,0.0959,0.0995,14872977.2,1722988799999,1485819.52345,20242,7370236.5,736836.32366,0
1722988800000,0.0995,0.1021,0.0944,0.0955,19255556.6,1723075199999,1888474.5457,17567,9388892.0,922181.03599,0
1723075200000,0.0955,0.1107,0.0936,0.1105,19557851.1,1723161599999,1992385.49234,18239,10316391.5,1054059.36251,0
1723161600000,0.1104,0.1107,0.1056,0.1078,7982108.1,1723247999999,862028.18883,9699,3864484.0,417215.06726,0
1723248000000,0.1077,0.1104,0.1054,0.1089,4626715.4,1723334399999,499147.25042,6273,2028554.3,218951.33329,0
1723334400000,0.109,0.1108,0.1004,0.1021,7629492.7,1723420799999,812725.00101,9461,3317620.2,354086.51488,0
1723420800000,0.1022,0.1107,0.1007,0.107,12028397.2,1723507199999,1274232.72177,12288,6126380.1,649377.44193,0
1723507200000,0.107,0.1096,0.1042,0.1088,7454709.0,1723593599999,794805.68401,8511,3517686.7,375371.18587,0
1723593600000,0.1087,0.1101,0.1045,0.1066,7372016.2,1723679999999,796125.49908,7280,3255381.4,351842.54792,0
1723680000000,0.1065,0.1078,0.1006,0.1019,7616209.7,1723766399999,794167.62848,7650,3555092.8,370789.01422,0
1723766400000,0.1019,0.1021,0.0954,0.0987,7717200.5,1723852799999,766546.5454,8440,3929474.1,390814.70918,0
1723852800000,0.0986,0.1042,0.0981,0.1041,4702000.2,1723939199999,476242.93392,5138,2279614.7,231000.06267,0
1723939200000,0.1041,0.1395,0.1025,0.1314,74286392.2,1724025599999,9114870.9983,79923,38163288.0,4681353.61378,0
1724025600000,0.1315,0.1345,0.1064,0.1161,83944319.7,1724111999999,9791796.34691,71232,39757887.7,4643298.19798,0
1724112000000,0.1163,0.1364,0.1163,0.1261,71351946.0,1724198399999,9074676.20345,55794,35908610.8,4565436.81757,0
1724198400000,0.1261,0.1328,0.1237,0.127,29068016.4,1724284799999,3704965.51575,27831,13982006.8,1784811.50144,0
1724284800000,0.127,0.1295,0.1218,0.1245,13613595.0,1724371199999,1703878.12054,13742,6169580.5,773298.95955,0
1724371200000,0.1245,0.1442,0.1213,0.1404,53324937.6,1724457599999,7239242.16534,48132,26917077.0,3658286.66426,0
1724457600000,0.1404,0.1461,0.1362,0.1379,21590749.9,1724543999999,3042021.06495,23211,10062125.0,1418249.42658,0
1724544000000,0.1378,0.144,0.1331,0.1363,23784102.7,1724630399999,3292278.24524,25520,11427702.5,1584301.10703,0
1724630400000,0.1363,0.1373,0.1234,0.1254,21454666.4,1724716799999,2779328.54681,19468,10037344.4,1299250.01602,0
1724716800000,0.1255,0.1324,0.1124,0.1149,36456132.3,1724803199999,4526965.2708,29964,18045963.7,2246996.48378,0
1724803200000,0.1149,0.1185,0.1093,0.1137,18752443.5,1724889599999,2135145.19432,15785,8964680.2,1022404.77176,0
1724889600000,0.1136,0.1188,0.1113,0.1136,11537852.4,1724975999999,1331022.38988,11631,5784680.3,667845.92828,0
1724976000000,0.1136,0.114,0.1054,0.1115,14737995.0,1725062399999,1623672.52686,14013,6623283.8,729797.15201,0
1725062400000,0.1115,0.1138,0.1086,0.1094,4753871.2,1725148799999,527629.37647,6544,2423345.2,268912.37266,0
1725148800000,0.1093,0.11,0.1039,0.1046,9386535.1,1725235199999,1007038.82662,14160,4250169.2,456316.07399,0
1725235200000,0.1045,0.1133,0.104,0.1113,8674355.1,1725321599999,938964.28909,9984,4154660.4,450047.40853,0
1725321600000,0.1115,0.1145,0.1068,0.107,9523597.2,1725407999999,1055338.43383,8568,4544636.5,503330.16312,0
1725408000000,0.1069,0.1121,0.1004,0.1104,14627201.4,1725494399999,1557082.32599,13572,7464321.2,793911.72371,0
1725494400000,0.1103,0.1115,0.1059,0.1076,8532650.3,1725580799999,924300.76083,8773,4237670.3,459291.50013,0
1725580800000,0.1076,0.1092,0.0973,0.1009,13977022.4,1725667199999,1456771.76176,10164,7233928.0,752427.09862,0
1725667200000,0.1009,0.1035,0.1001,0.1019,9833469.9,1725753599999,1001259.49374,6922,5175074.8,526912.74852,0
1725753600000,0.1019,0.1053,0.101,0.1036,6700080.8,1725839999999,689207.91319,5545,3386508.1,348429.40064,0
1725840000000,0.1037,0.1101,0.1007,0.1086,23808202.4,1725926399999,2499351.19991,13515,11278973.3,1186502.87964,0
1725926400000,0.1086,0.1098,0.1064,0.1086,9399840.6,1726012799999,1014559.91714,6801,4482093.9,483946.18502,0
1726012800000,0.1087,0.1087,0.1022,0.1064,11299438.1,1726099199999,1187643.64408,9096,5171878.9,543616.50186,0
1726099200000,0.1064,0.1086,0.1046,0.1084,7013484.6,1726185599999,748410.91682,5710,3206761.2,342218.9297,0
1726185600000,0.1083,0.1124,0.1041,0.1104,13922554.6,1726271999999,1493646.53223,8211,6716754.2,722651.14994,0
1726272000000,0.1104,0.1109,0.1062,0.1082,6363334.6,1726358399999,686309.05062,5059,2846000.0,306811.49869,0
1726358400000,0.1079,0.1094,0.1017,0.1033,6885168.3,1726444799999,735681.2677,7082,3050029.6,326352.85746,0
1726444800000,0.1032,0.1043,0.0976,0.0987,10008726.5,1726531199999,1006335.07342,9479,5005214.1,503635.45302,0
1726531200000,0.0986,0.1038,0.0975,0.1021,8830281.2,1726617599999,894544.93074,5607,4342955.8,440514.843,0
1726617600000,0.1021,0.109,0.1001,0.109,22439084.9,1726703999999,2339180.21756,13399,11012350.3,1150045.23873,0
1726704000000,0.1088,0.1288,0.1084,0.1205,69925302.9,1726790399999,8387306.65668,41775,34991819.7,4202257.63434,0
1726790400000,0.1204,0.159,0.1201,0.1445,346430067.5,1726876799999,49746782.39514,221637,173995712.2,24988277.91967,0
1726876800000,0.1445,0.1604,0.137,0.1448,175472414.8,1726963199999,26176839.3458,122752,85517174.4,12762045.6667,0
1726963200000,0.1449,0.1485,0.1355,0.1454,64093603.5,1727049599999,9175255.90503,41776,30466153.9,4365702.69002,0
1727049600000,0.1456,0.151,0.1367,0.145,70086805.0,1727135999999,9987428.25385,44018,33263021.7,4745204.45756,0
1727136000000,0.1451,0.1605,0.1392,0.1518,102667948.9,1727222399999,15407438.32549,69442,50878995.4,7647601.81358,0
1727222400000,0.1519,0.1542,0.1418,0.1433,52268879.7,1727308799999,7802479.18635,37706,23508622.7,3515998.48175,0
1727308800000,0.1433,0.1449,0.137,0.1389,49920964.4,1727395199999,7028642.65573,33861,24421113.4,3441629.24824,0
1727395200000,0.1389,0.1437,0.1374,0.1414,36870757.5,1727481599999,5182336.36763,25451,18634528.5,2621754.93883,0
1727481600000,0.1414,0.1443,0.1301,0.133,29916560.0,1727567999999,4051573.40988,20823,13267598.4,1797110.28174,0
1727568000000,0.133,0.1373,0.1303,0.1343,24013475.2,1727654399999,3213612.95017,19263,11233190.9,1504202.56115,0
1727654400000,0.1343,0.135,0.1238,0.125,24647787.1,1727740799999,3200430.9326,19077,11414415.2,1481747.88758,0
1727740800000,0.125,0.1319,0.1067,0.1154,46024039.8,1727827199999,5473542.48496,32704,22166849.0,2640129.941,0
1727827200000,0.1154,0.1206,0.1112,0.1156,30512926.8,1727913599999,3567449.68236,19360,14997877.7,1754828.01033,0
1727913600000,0.1156,0.1183,0.1115,0.1167,20058525.0,1727999999999,2299515.43877,13351,9901325.8,1136549.63299,0
1728000000000,0.1166,0.1189,0.1144,0.1183,14810759.0,1728086399999,1738140.61194,10530,7458849.0,876136.85486,0
1728086400000,0.1183,0.121,0.1151,0.1184,12746856.5,1728172799999,1512616.30008,8374,6077321.2,721689.74283,0
1728172800000,0.1185,0.1235,0.116,0.1231,10836302.3,1728259199999,1298893.53087,7463,5442539.2,652773.45383,0
1728259200000,0.1231,0.1252,0.1191,0.1196,20495527.6,1728345599999,2509761.31036,13178,8832323.4,1082833.0677,0
1728345600000,0.1197,0.1224,0.1145,0.1175,22704862.9,1728431999999,2684019.3818,14071,11055886.5,1308460.3248,0
1728432000000,0.1175,0.1193,0.1117,0.1126,17257664.3,1728518399999,1996767.00804,11403,7545641.0,873684.07958,0
1728518400000,0.1124,0.1147,0.109,0.1133,11700838.0,1728604799999,1313075.75119,8159,5377910.5,604178.40779,0
1728604800000,0.1134,0.1238,0.1134,0.1219,17290698.4,1728691199999,2060383.42571,11183,9337906.0,1113996.24293,0
1728691200000,0.1218,0.1273,0.1216,0.1231,13406816.0,1728777599999,1662426.33497,8604,7004380.5,868548.66553,0
1728777600000,0.1232,0.1238,0.1161,0.1224,10570495.8,1728863999999,1272415.90786,7610,5107188.8,614804.94326,0
1728864000000,0.1224,0.1284,0.1198,0.1259,23457948.7,1728950399999,2915046.46658,14935,11002630.7,1368828.95235,0
1728950400000,0.126,0.1271,0.1163,0.1215,30182852.7,1729036799999,3675840.54022,19356,14542178.8,1770922.0228,0
1729036800000,0.1215,0.1229,0.115,0.1158,21805602.7,1729123199999,2578439.54226,15124,10268372.4,1214464.67074,0
1729123200000,0.1159,0.127,0.1131,0.1237,56101562.7,1729209599999,6720816.41006,35571,28413787.7,3407896.59591,0
1729209600000,0.1238,0.1258,0.116,0.12,30769587.7,1729295999999,3719820.03127,20895,13603405.0,1646068.26683,0
1729296000000,0.12,0.1218,0.1168,0.1187,10906812.3,1729382399999,1299026.93207,7623,5126704.5,610695.46484,0
1729382400000,0.1188,0.146,0.1166,0.1316,97387375.8,1729468799999,12793039.31669,66022,48980605.9,6441361.63375,0
1729468800000,0.1317,0.135,0.1227,0.1252,31482297.3,1729555199999,4042532.6296,22989,13993888.3,1798349.45418,0
1729555200000,0.1253,0.1262,0.121,0.1228,18451302.4,1729641599999,2281887.79018,13357,7889939.4,975617.03594,0
1729641600000,0.1231,0.1232,0.1136,0.1175,15752856.2,1729727999999,1864544.36455,11838,6856873.7,812011.74065,0
1729728000000,0.1175,0.1221,0.1157,0.1196,15041247.5,1729814399999,1796363.73501,12045,7146127.1,854297.54767,0
1729814400000,0.1196,0.1207,0.1034,0.1093,17021151.3,1729900799999,1939813.27964,14939,7655461.1,873200.73056,0
1729900800000,0.1091,0.1116,0.1057,0.1096,14388709.1,1729987199999,1569728.60921,11674,7124995.2,777078.84328,0
1729987200000,0.1097,0.1133,0.1078,0.1116,13017138.8,1730073599999,1434279.74841,9618,6889296.6,760555.14079,0
1730073600000,0.1115,0.1145,0.108,0.1126,15361599.7,1730159999999,1704030.56065,11131,7289918.2,809720.25151,0
1730160000000,0.1125,0.1183,0.1121,0.1158,16700438.8,1730246399999,1916153.30766,10096,7795599.9,894866.68756,0
1730246400000,0.1159,0.1174,0.1126,0.1144,11673601.3,1730332799999,1341908.40881,8222,5284634.5,608334.9509,0
1730332800000,0.1143,0.1148,0.1068,0.1076,13372366.7,1730419199999,1479610.65102,8672,6442250.4,713796.90784,0
1730419200000,0.1075,0.1111,0.1045,0.1062,13728262.7,1730505599999,1478403.59561,8846,6582247.7,709399.89425,0
1730505600000,0.1062,0.1078,0.1025,0.1035,11356337.3,1730591999999,1190957.2306,7658,5277713.6,554807.75816,0
1730592000000,0.1035,0.1046,0.0968,0.1011,14384345.5,1730678399999,1447931.27197,9838,6479585.2,653913.17507,0
1730678400000,0.101,0.1029,0.0956,0.0982,11999455.1,1730764799999,1198690.67234,8808,5931962.0,593253.19578,0
1730764800000,0.0982,0.1047,0.0982,0.1039,13958269.7,1730851199999,1425357.45023,8537,6941063.7,709827.43299,0
1730851200000,0.1039,0.1151,0.1039,0.114,30044449.5,1730937599999,3292765.40763,18796,15049619.5,1652022.08773,0
1730937600000,0.1141,0.1182,0.11,0.114,24857569.0,1731023999999,2820542.37802,15832,12251545.3,1391654.78565,0
1731024000000,0.114,0.1149,0.1084,0.1125,21241952.4,1731110399999,2365279.06661,13382,10983509.1,1222956.48366,0
1731110400000,0.1124,0.1198,0.1113,0.1193,33244004.1,1731196799999,3841528.75292,19203,18150970.8,2098484.4928,0
1731196800000,0.1192,0.13,0.1173,0.1242,59861280.1,1731283199999,7434522.81667,39607,29673938.7,3686900.44042,0
1731283200000,0.1242,0.1285,0.1176,0.128,42269828.3,1731369599999,5202589.43778,30239,21536517.0,2656214.06916,0
1731369600000,0.1281,0.1333,0.1167,0.1242,55326994.1,1731455999999,6851573.39723,40413,26307023.8,3270658.2385,0
1731456000000,0.1241,0.1261,0.1117,0.1164,39731736.4,1731542399999,4654819.34413,31131,18734389.3,2195374.5795,0
1731542400000,0.1164,0.125,0.1117,0.119,58892030.2,1731628799999,6974779.80652,49045,29342285.0,3479940.13937,0
1731628800000,0.1189,0.1218,0.1137,0.1208,30263018.7,1731715199999,3581363.66347,23889,14614845.6,1732252.29,0
1731715200000,0.1209,0.1285,0.1194,0.1274,29505877.1,1731801599999,3663608.54351,25568,14560478.2,1810629.99657,0
1731801600000,0.1275,0.1307,0.1183,0.1203,38548621.8,1731887999999,4819410.77598,34163,16248105.9,2035175.56115,0
1731888000000,0.12,0.1325,0.1187,0.1324,37407000.8,1731974399999,4719772.22007,33471,18042736.9,2280117.34488,0
1731974400000,0.1323,0.1328,0.1222,0.1261,24458725.6,1732060799999,3128633.15187,22657,11902050.6,1523909.28872,0
1732060800000,0.126,0.1265,0.115,0.1175,25138364.1,1732147199999,3068885.256,21252,11893921.6,1453495.88393,0
1732147200000,0.1174,0.1269,0.1136,0.1262,36741632.5,1732233599999,4449769.75337,29005,18634242.2,2254748.91959,0
1732233600000,0.1263,0.1296,0.1216,0.1296,30557027.6,1732319999999,3837910.45916,27057,14369793.6,1805436.11681,0
1732320000000,0.1296,0.143,0.1273,0.1391,63260166.6,1732406399999,8543732.64674,50435,32382908.8,4370922.92699,0
1732406400000,0.139,0.1474,0.1308,0.147,53754837.7,1732492799999,7547888.36432,51761,25906023.5,3640816.32197,0
1732492800000,0.1471,0.1574,0.1408,0.1461,55766486.5,1732579199999,8312664.02051,52150,26685669.3,3981367.40702,0
1732579200000,0.146,0.1523,0.1349,0.1433,42318577.5,1732665599999,6027435.08975,40263,19296667.1,2748862.77907,0
1732665600000,0.1434,0.16,0.1397,0.1595,38930183.1,1732751999999,5866219.24525,34252,20833322.3,3143926.80709,0
1732752000000,0.1595,0.1607,0.15,0.1525,25857524.8,1732838399999,3992249.07784,25228,11906428.4,1840074.84951,0
1732838400000,0.1524,0.1585,0.1497,0.157,22834960.3,1732924799999,3521023.15341,22606,11166948.3,1723431.85744,0
1732924800000,0.1571,0.1685,0.1547,0.1664,34588120.9,1733011199999,5628911.14085,30269,19241025.7,3127169.31493,0
1733011200000,0.1664,0.1698,0.16,0.1665,25426661.6,1733097599999,4202321.53278,24978,11949577.0,1975742.62054,0
1733097600000,0.1666,0.1714,0.1535,0.1693,54170404.4,1733183999999,8793526.12964,55182,26831221.0,4362698.03088,0
1733184000000,0.1693,0.2023,0.1678,0.1964,77351376.0,1733270399999,14072542.30673,85975,39600505.9,7214907.00964,0
1733270400000,0.1965,0.2386,0.1939,0.2145,145508058.9,1733356799999,31466754.56602,157555,72624225.1,15716128.39177,0
1733356800000,0.2145,0.2159,0.1933,0.2016,47049689.3,1733443199999,9701268.88003,52083,22306049.0,4599167.67891,0
1733443200000,0.2016,0.2209,0.2001,0.2186,51511583.8,1733529599999,10989488.60332,52098,26535118.5,5663060.80705,0
1733529600000,0.2187,0.2256,0.2087,0.2092,32439141.3,1733615999999,6997525.7614,35823,14516927.6,3134780.82013,0
1733616000000,0.2091,0.2228,0.2034,0.2207,32201306.9,1733702399999,6818101.72328,35775,15756846.1,3343589.45136,0
1733702400000,0.2209,0.2216,0.1506,0.1778,57379350.1,1733788799999,10939199.84017,66664,26547496.1,5071849.79572,0
1733788800000,0.1777,0.181,0.1517,0.1675,45260993.5,1733875199999,7554951.04117,53535,20702384.4,3451474.59539,0
1733875200000,0.1674,0.1857,0.1607,0.1822,26653854.1,1733961599999,4687892.06907,29869,13363638.5,2350322.60886,0
1733961600000,0.1822,0.1945,0.1812,0.1872,34741421.7,1734047999999,6557772.26605,35055,16429667.8,3102937.95324,0
1734048000000,0.1873,0.199,0.1808,0.1951,34193008.9,1734134399999,6479487.69148,37987,17189713.3,3261258.01088,0
1734134400000,0.1951,0.2068,0.1814,0.1847,34954023.9,1734220799999,6820457.61304,39078,16470525.9,3220086.9704,0
1734220800000,0.1847,0.2023,0.1744,0.1961,31621767.7,1734307199999,5993067.27999,34787,14910532.7,2826828.94266,0
1734307200000,0.1961,0.2007,0.1801,0.1868,26050607.2,1734393599999,4948478.97269,29545,12644012.7,2402193.9893,0
1734393600000,0.1866,0.1891,0.1733,0.1753,19428111.7,1734479999999,3536484.21641,23658,9299214.6,1695297.37465,0
1734480000000,0.1757,0.1765,0.1545,0.1559,29628883.8,1734566399999,4916615.01335,32038,14124019.6,2347314.90069,0
1734566400000,0.1559,0.1651,0.1391,0.1455,37720378.5,1734652799999,5789478.31582,37544,18303133.2,2813953.60349,0
1734652800000,0.1455,0.151,0.1233,0.1472,38732006.1,1734739199999,5305368.86536,41289,18703604.1,2567651.90642,0
1734739200000,0.1472,0.158,0.1386,0.1415,21981092.7,1734825599999,3234632.03201,23949,10918488.0,1607097.3567,0
1734825600000,0.1416,0.1467,0.1367,0.1413,17464970.0,1734911999999,2487673.37147,18627,8187193.4,1167574.6764,0
1734912000000,0.1412,0.1568,0.1373,0.154,17063227.3,1734998399999,2499995.63148,20101,8052488.2,1182753.42139,0
1734998400000,0.154,0.1634,0.1491,0.1608,12597649.3,1735084799999,1973294.94318,14658,6590714.8,1031521.23298,0
1735084800000,0.1607,0.163,0.156,0.1588,9651220.6,1735171199999,1543308.92772,13527,4660139.8,745905.74312,0
1735171200000,0.1588,0.1608,0.1452,0.1477,16534536.0,1735257599999,2479367.32775,17127,7278730.2,1092476.47089,0
1735257600000,0.1477,0.1583,0.1466,0.1505,14469644.7,1735343999999,2200188.55066,17932,7537014.2,1146808.07117,0
1735344000000,0.1506,0.1712,0.1496,0.1672,24052744.4,1735430399999,3867415.29802,26703,12170281.0,1956163.88137,0
1735430400000,0.1672,0.1675,0.1567,0.1584,12584458.9,1735516799999,2036978.34032,15056,5483333.5,889337.34732,0
1735516800000,0.1581,0.1652,0.1505,0.1554,13181200.5,1735603199999,2076483.57918,16237,5911879.0,931828.17673,0
1735603200000,0.1554,0.1585,0.1498,0.1526,9088941.1,1735689599999,1399780.90889,11780,4491192.3,691922.1339,0
1735689600000000,0.1526,0.1569,0.1466,0.1556,8015624.0,1735775999999999,1219037.09762,10909,4141338.0,629988.59568,0
1735776000000000,0.1559,0.165,0.1555,0.1621,13190686.6,1735862399999999,2132704.66596,15026,6109345.5,987784.30864,0
1735862400000000,0.1623,0.1692,0.1571,0.1668,11375052.3,1735948799999999,1861527.91895,13485,5701500.6,934483.69581,0
1735948800000000,0.1671,0.1688,0.1633,0.1652,11552983.1,1736035199999999,1910905.89581,14754,5786022.1,958032.77914,0
1736035200000000,0.1652,0.1684,0.1613,0.1667,8147093.4,1736121599999999,1338281.11912,12733,3647577.3,599521.32822,0
1736121600000000,0.1667,0.1744,0.1636,0.1686,11643274.9,1736207999999999,1970407.99987,14704,6005702.3,1017672.78419,0
1736208000000000,0.1686,0.1691,0.1485,0.1487,15444578.0,1736294399999999,2436270.65819,15573,6930826.3,1091728.36622,0
1736294400000000,0.1488,0.1515,0.1364,0.1441,17992088.0,1736380799999999,2584372.29935,17855,9007019.5,1294983.3787,0
1736380800000000,0.144,0.146,0.1347,0.139,13064625.5,1736467199999999,1834865.79869,12893,6028288.9,847866.46235,0
1736467200000000,0.139,0.1437,0.1368,0.1418,8891506.0,1736553599999999,1250211.60985,9139,4249731.4,597985.15624,0
1736553600000000,0.1416,0.1426,0.1359,0.1392,5247384.9,1736639999999999,729910.77949,6949,2658451.1,369660.53243,0
1736640000000000,0.1392,0.141,0.1344,0.1364,3688907.9,1736726399999999,509339.20047,5409,1632605.1,225634.65295,0
1736726400000000,0.1363,0.1408,0.1209,0.1305,15756855.6,1736812799999999,2014388.33489,15760,7207339.9,920823.99644,0
1736812800000000,0.1305,0.1367,0.1295,0.1355,7203189.1,1736899199999999,959927.04268,7772,3711779.0,494948.84101,0
1736899200000000,0.1356,0.1449,0.1312,0.1447,10731663.8,1736985599999999,1477314.04988,10167,5777172.2,799064.72461,0
1736985600000000,0.1447,0.1456,0.1385,0.1417,12294788.5,1737071999999999,1750679.58638,12947,5536995.3,789095.30472,0
1737072000000000,0.1418,0.152,0.1417,0.1516,8543929.8,1737158399999999,1255314.3384,9984,4448299.3,654001.07363,0
1737158400000000,0.1516,0.1528,0.1372,0.142,11300167.1,1737244799999999,1608098.26362,12237,5172974.6,736315.60419,0
1737244800000000,0.1418,0.1454,0.1226,0.125,28500704.2,1737331199999999,3773055.02204,34567,13789419.0,1825152.67094,0
1737331200000000,0.1248,0.1306,0.1165,0.12,33118743.5,1737417599999999,4060436.02194,33211,16162531.3,1980169.25447,0
1737417600000000,0.1199,0.1283,0.1142,0.1254,14114494.1,1737503999999999,1710019.69206,15550,7001650.3,850686.82888,0
1737504000000000,0.1253,0.1267,0.1171,0.1178,14827617.5,1737590399999999,1794796.19371,19419,5879747.9,712162.65627,0
1737590400000000,0.1179,0.1181,0.1072,0.1118,22730587.0,1737676799999999,2535190.41255,26295,10196716.9,1137167.55463,0
1737676800000000,0.1118,0.1133,0.1027,0.1031,19828988.8,1737763199999999,2143646.89642,21356,9632102.7,1042242.21886,0
1737763200000000,0.1031,0.1089,0.1018,0.1053,14385057.7,1737849599999999,1520152.85149,15837,6852882.5,724362.14329,0
1737849600000000,0.1053,0.1136,0.1048,0.1068,13739666.2,1737935999999999,1504087.28813,13433,7005393.4,767413.96178,0
1737936000000000,0.1066,0.1073,0.0955,0.1035,22869499.0,1738022399999999,2296419.00911,19858,9710931.7,974671.99247,0
1738022400000000,0.1035,0.1054,0.0958,0.0972,9932962.3,1738108799999999,1003568.47825,9564,4671775.5,472241.80906,0
1738108800000000,0.0972,0.103,0.0955,0.0993,13820969.2,1738195199999999,1372391.26328,13447,6574644.1,653089.65941,0
1738195200000000,0.0992,0.1062,0.0978,0.1028,11411363.1,1738281599999999,1172741.20764,10424,5742582.5,590544.16972,0
1738281600000000,0.1029,0.1091,0.1015,0.1035,10331788.1,1738367999999999,1084004.13791,8953,5058141.0,531445.23452,0
1738368000000000,0.1035,0.1065,0.0946,0.0954,13593981.3,1738454399999999,1380502.18923,12781,6001314.7,611076.06973,0
1738454400000000,0.0954,0.0977,0.0801,0.0854,25856097.8,1738540799999999,2343496.12214,22173,11878536.4,1078939.61973,0
1738540800000000,0.0853,0.0899,0.0597,0.0885,88638860.6,1738627199999999,6576346.18821,56164,44203076.3,3286924.50536,0
1738627200000000,0.0885,0.0952,0.0801,0.0841,161603274.1,1738713599999999,14212374.96785,99197,78459684.3,6898657.90137,0
1738713600000000,0.0842,0.086,0.08,0.082,26035739.1,1738799999999999,2166839.73479,18087,13213804.1,1100083.64559,0
1738800000000000,0.082,0.0836,0.0781,0.0792,16198846.0,1738886399999999,1309713.59321,9437,8153975.1,659223.7136,0
1738886400000000,0.0792,0.0882,0.0792,0.0822,35068479.6,1738972799999999,2977821.214,17654,17245131.4,1464210.50267,0
1738972800000000,0.0821,0.0876,0.08,0.0865,26084030.8,1739059199999999,2179494.42501,15049,12800285.3,1068625.04507,0
1739059200000000,0.0865,0.0931,0.0808,0.0853,38773801.7,1739145599999999,3388427.06521,20337,17987272.4,1570858.25412,0
1739145600000000,0.0854,0.0885,0.0808,0.0878,21031983.1,1739231999999999,1792200.15273,10930,10469869.7,892181.76298,0
1739232000000000,0.088,0.0944,0.0843,0.0865,21023601.4,1739318399999999,1866755.18018,12498,9987808.9,887049.91566,0
1739318400000000,0.0863,0.145,0.0842,0.118,202799110.6,1739404799999999,22396862.08573,145701,103966394.2,11482803.94978,0
1739404800000000,0.1182,0.1257,0.098,0.1007,123177578.2,1739491199999999,13704180.23385,73490,58072737.2,6471662.08184,0
1739491200000000,0.1008,0.1044,0.0954,0.1014,49662905.0,1739577599999999,4948506.27555,29725,23752810.0,2370489.81503,0
1739577600000000,0.1015,0.1063,0.0954,0.097,38103853.4,1739663999999999,3822571.81841,21187,18326329.8,1842038.10416,0
1739664000000000,0.0969,0.1026,0.0958,0.0988,27707755.5,1739750399999999,2755271.46229,15820,13667528.1,1360225.68257,0
1739750400000000,0.0986,0.1019,0.0928,0.0952,22230402.8,1739836799999999,2165163.24894,12655,10091284.8,982582.2503,0
1739836800000000,0.095,0.0955,0.0884,0.0929,14232121.3,1739923199999999,1309155.46487,9701,6994181.5,644420.95595,0
1739923200000000,0.0929,0.0951,0.0901,0.0919,13091454.3,1740009599999999,1212619.0748,8888,5907344.1,547337.15998,0
1740009600000000,0.0919,0.0942,0.0908,0.0937,12518066.3,1740095999999999,1161227.56048,8011,5839259.7,541724.35786,0
1740096000000000,0.0936,0.0993,0.0877,0.0888,19089958.9,1740182399999999,1797314.56566,10682,8358208.9,788054.39805,0
1740182400000000,0.0888,0.0974,0.0884,0.0965,25707304.1,1740268799999999,2413981.50075,13679,13272131.9,1247140.74867,0
1740268800000000,0.0964,0.0987,0.0916,0.0938,14343788.4,1740355199999999,1359742.87883,7846,6836055.6,648012.89363,0
1740355200000000,0.0939,0.094,0.0798,0.0823,19166930.7,1740441599999999,1676862.61277,11497,8295367.9,725960.65182,0
1740441600000000,0.0824,0.0889,0.0775,0.0872,24505132.4,1740527999999999,2037375.43358,12267,11351584.3,944533.95707,0
1740528000000000,0.0873,0.0884,0.0817,0.0857,17702383.8,1740614399999999,1514995.39478,9250,8411060.8,719743.3771,0
1740614400000000,0.0859,0.0882,0.084,0.0864,9968691.8,1740700799999999,859845.31342,5770,4927937.9,425557.6966,0
1740700800000000,0.0864,0.0868,0.0794,0.0855,15340851.9,1740787199999999,1274487.34293,7870,7305705.6,607356.67478,0
1740787200000000,0.0855,0.0862,0.0811,0.0834,9222531.5,1740873599999999,767580.75139,6260,5067956.2,422150.92099,0
1740873600000000,0.0833,0.0943,0.0815,0.0936,17606217.0,1740959999999999,1540725.51808,9986,9120910.4,798516.3538,0
1740960000000000,0.0938,0.0938,0.0782,0.079,21313063.3,1741046399999999,1813302.84726,10330,9002078.1,765278.35103,0
1741046400000000,0.0788,0.0796,0.0701,0.0762,23807384.8,1741132799999999,1771682.09392,13790,11123430.2,827610.10274,0
1741132800000000,0.0761,0.0801,0.0752,0.0794,13999120.9,1741219199999999,1090587.53931,6693,6984398.3,544434.95111,0
1741219200000000,0.0793,0.0817,0.0761,0.0773,10013236.2,1741305599999999,787600.31153,4738,4542426.7,357875.40368,0
1741305600000000,0.0772,0.08,0.0732,0.0765,12792856.4,1741391999999999,990898.43683,6781,6069181.8,470175.68542,0
1741392000000000,0.0764,0.0777,0.0737,0.0752,8837180.1,1741478399999999,668060.04324,4655,4452980.7,337044.16851,0
1741478400000000,0.0752,0.0754,0.0658,0.0668,18294159.7,1741564799999999,1275500.48895,9032,8630136.8,600953.53835,0
1741564800000000,0.0668,0.0716,0.0613,0.0638,24959215.9,1741651199999999,1667495.29255,10971,12210183.7,814623.49942,0
1741651200000000,0.0638,0.0682,0.0589,0.0667,19968273.9,1741737599999999,1289362.53254,8855,10054139.0,650279.66154,0
1741737600000000,0.0667,0.0695,0.0644,0.0689,12023515.1,1741823999999999,808009.44744,5645,5980865.9,402053.52745,0
1741824000000000,0.0689,0.0703,0.0659,0.0681,9587987.8,1741910399999999,651805.93555,5184,4515006.4,307065.52876,0
1741910400000000,0.068,0.0723,0.0677,0.0707,8831877.2,1741996799999999,622574.18235,4570,4417604.0,311384.43077,0
1741996800000000,0.0707,0.0739,0.07,0.0734,12993105.5,1742083199999999,934555.11257,6767,6828446.5,491245.8357,0
1742083200000000,0.0733,0.0735,0.0687,0.0695,10954069.8,1742169599999999,773635.29726,6006,4703656.2,331829.36581,0
1742169600000000,0.0694,0.0775,0.0694,0.0748,29050125.7,1742255999999999,2174288.57537,12108,15403647.2,1155007.3633,0
1742256000000000,0.0748,0.0752,0.0706,0.0736,16160232.3,1742342399999999,1179305.08564,7710,7458989.6,545205.57184,0
1742342400000000,0.0737,0.0763,0.0731,0.076,11284471.0,1742428799999999,840390.2744,5487,5668175.3,422512.53562,0
1742428800000000,0.076,0.0761,0.0731,0.0739,6473109.1,1742515199999999,482177.38969,3427,2787217.7,207632.29039,0
1742515200000000,0.0739,0.0754,0.0725,0.0738,9308253.2,1742601599999999,686709.81659,4701,4597100.0,339365.7457,0
1742601600000000,0.0739,0.0769,0.0738,0.075,10241754.4,1742687999999999,775146.54845,5860,4644757.6,351402.52521,0
1742688000000000,0.075,0.0756,0.072,0.0746,11938691.9,1742774399999999,885167.15837,6397,5906232.9,438367.11378,0
1742774400000000,0.0745,0.0808,0.0734,0.0783,16876474.2,1742860799999999,1309703.50355,8795,8204657.8,636896.84648,0
1742860800000000,0.0783,0.0794,0.076,0.0782,15898507.1,1742947199999999,1239980.37802,7282,7388049.4,576335.73927,0
1742947200000000,0.0782,0.0799,0.0756,0.0768,10590625.1,1743033599999999,823462.38231,5749,4974592.2,387221.185,0
1743033600000000,0.0768,0.0789,0.0752,0.0766,6644343.6,1743119999999999,511648.31753,4022,3103747.6,239011.7055,0
1743120000000000,0.0764,0.077,0.0684,0.0703,13117674.1,1743206399999999,940320.45384,6568,5689868.8,407754.77511,0
1743206400000000,0.0703,0.0707,0.0623,0.0637,17253597.4,1743292799999999,1126971.91916,9614,6873497.0,450095.44692,0
1743292800000000,0.0636,0.0658,0.0627,0.0645,7161513.0,1743379199999999,461661.87783,4292,3466126.6,223754.40281,0
1743379200000000,0.0646,0.0655,0.0628,0.0641,7955617.4,1743465599999999,511704.05621,5688,3885106.8,250158.73043,0
1743465600000000,0.064,0.0675,0.0638,0.0647,13964645.4,1743551999999999,918592.03069,6999,7143616.4,469992.00912,0
1743552000000000,0.0647,0.0647,0.0573,0.0578,15437433.4,1743638399999999,947988.7293,7460,6829734.9,421006.0554,0
1743638400000000,0.0579,0.0599,0.0522,0.0554,20281103.7,1743724799999999,1122310.40236,10115,10401064.0,575754.53787,0
1743724800000000,0.0555,0.0561,0.0533,0.0547,9965425.3,1743811199999999,545815.26913,4452,4892601.6,268012.3324,0
1743811200000000,0.0548,0.0559,0.0536,0.0549,4963072.7,1743897599999999,272410.74908,2220,2463768.2,135395.98462,0
1743897600000000,0.0548,0.0556,0.0469,0.0484,16113544.9,1743983999999999,809552.27295,6374,7270000.3,364694.82819,0
1743984000000000,0.0483,0.0515,0.0433,0.0487,30526881.5,1744070399999999,1456095.53601,10351,14413476.2,687467.03262,0
1744070400000000,0.0488,0.0509,0.0459,0.0461,13989642.7,1744156799999999,670767.68299,6321,6649022.6,318780.60062,0
1744156800000000,0.0461,0.0507,0.0441,0.05,23239685.9,1744243199999999,1111737.34014,8999,10539985.7,504541.47242,0
1744243200000000,0.0501,0.0503,0.0464,0.048,9464271.4,1744329599999999,457213.81008,3564,4696540.3,227050.62107,0
1744329600000000,0.048,0.0502,0.0478,0.0487,8849071.0,1744415999999999,432787.34426,4750,4760285.4,232794.12653,0
1744416000000000,0.0487,0.0519,0.0486,0.0511,11009158.4,1744502399999999,556177.33845,5042,5536061.3,279290.86034,0
1744502400000000,0.0511,0.0513,0.0454,0.0472,15628417.1,1744588799999999,757208.25808,5193,7084570.5,343333.85555,0
1744588800000000,0.0471,0.0486,0.0441,0.0442,18787435.7,1744675199999999,877562.80177,10646,8441896.8,394887.53408,0
1744675200000000,0.0443,0.0456,0.0416,0.042,24743518.1,1744761599999999,1082448.21089,12362,11183665.6,490477.79538,0
1744761600000000,0.0418,0.043,0.0395,0.04,26707699.1,1744847999999999,1094530.16579,13196,12866609.9,528306.14478,0
1744848000000000,0.0401,0.0408,0.0388,0.0394,18998592.4,1744934399999999,754764.79411,11471,8486456.4,337424.86562,0
1744934400000000,0.0395,0.041,0.0388,0.0409,13346741.7,1745020799999999,534124.90873,10891,6185657.0,247740.27552,0
1745020800000000,0.0408,0.0436,0.0408,0.0431,23555297.4,1745107199999999,988875.64783,13426,10696493.2,449694.12109,0
1745107200000000,0.0432,0.0444,0.0419,0.0433,25691767.7,1745193599999999,1111694.74197,9282,11423685.4,494526.46304,0
1745193600000000,0.0433,0.0454,0.0431,0.0434,26581518.4,1745279999999999,1174020.37428,10082,13943201.1,615795.64503,0
1745280000000000,0.0435,0.0472,0.0422,0.0469,36818040.6,1745366399999999,1653280.03831,12432,18777229.4,843317.15142,0
1745366400000000,0.0469,0.0483,0.045,0.0469,34834193.0,1745452799999999,1632572.98116,10758,17214308.6,807941.79632,0
1745452800000000,0.0468,0.0502,0.0462,0.0496,44915132.4,1745539199999999,2152824.42725,14444,22556573.7,1083060.93331,0
